{
  "chartWidth": 563.2361450195312,
  "walkthroughWidth": 320,
  "ratio": 1.7601129531860351
}