{
  "panel": {
    "width": 897.2361450195312
  },
  "chart": {
    "width": 563.2361450195312,
    "height": 480.22222900390625
  },
  "walkthrough": {
    "width": 320,
    "height": 480
  },
  "ratio": 1.7601129531860351
}